age_first_funding_year,age_last_funding_year,relationships,funding_rounds,funding_total_usd,milestones,age_first_milestone_year,age_last_milestone_year,avg_participants,is_top500
0.337878323,0.337878323,0.01754386,0,0.000962984,0.125,0.364688533,0.135897588,0.133333333,1
0.339914357,0.339914357,0.087719298,0,0.000348948,0.25,0.390494868,0.187397391,0.133333333,1
0.39463521,0.39463521,0.105263158,0,0.002629654,0.125,0.416231714,0.206002709,0.133333333,1
0.297325685,0.297325685,0.070175439,0,0.000103334,0,,,0.066666667,0
0.340182597,0.365151491,0.105263158,0.111111111,0.000699826,0.125,0.422650483,0.214733032,0,0
0.360103418,0.360103418,0.105263158,0,0.00071737,0.375,0.423425162,0.246860899,0.066666667,1
0.481939081,0.614397673,0.122807018,0.555555556,0.009439996,0.125,0.57495599,0.421887416,0.216666667,1
0.448822817,0.448822817,0.052631579,0,0.002278776,0.125,0.390425379,0.170902892,0.2,1
0.362226711,0.474589965,0.228070175,0.333333333,0.007278789,0.625,0.463335289,0.405200388,0.2,1
0.441916458,0.597750667,0.385964912,0.222222222,0.004822641,0.375,0.625510876,0.508679565,0,1
0.297590692,0.362759958,0.052631579,0.333333333,0.000585791,0.25,0.403540875,0.21214264,0.033333333,0
0.357091379,0.390828149,0.157894737,0.111111111,0.001050704,0.25,0.456919094,0.327611133,0.1,1
0.373916135,0.373916135,0.087719298,0,0.001341932,0.375,0.467705406,0.481921511,0.333333333,1
0.467593116,0.560652824,0.105263158,0.222222222,0.011541952,0.125,0.570724853,0.416132544,0.244446667,1
0.292368102,0.463698796,0.298245614,0.333333333,0.006085801,0.125,0.493442252,0.311018619,0.083333333,1
0.327342652,0.327342652,0.210526316,0,0.001094564,0.125,0.519179098,0.346023923,0,0
0.433594571,0.433594571,0,0,0.000114211,0,,,0.133333333,0
0.362582209,0.392065929,0.122807018,0.222222222,0.00117242,0.375,0.444156192,0.303058413,0.044446667,1
0.330794215,0.330794215,0.087719298,0,0.000173509,0.375,0.421026488,0.408074323,0.066666667,1
0.330706956,0.405435889,0,0.111111111,0.002112109,0,,,0.066666667,1
0.301931001,0.301931001,0.052631579,0,6.82E-05,0.25,0.405514891,0.194209423,0,1
0.292368102,0.325484366,0.210526316,0.111111111,0.000655966,0.25,0.416303777,0.231514574,0.2,1
0.317514745,0.317514745,0.087719298,0,0.000261229,0.375,0.373431339,0.222980282,0,0
0.411547225,0.485125636,0.122807018,0.111111111,0.002366496,0,,,0.1,1
0.38932213,0.454045407,0.280701754,0.111111111,0.002541935,0.25,0.612397953,0.499760214,0.066666667,1
0.481140826,0.558083542,0.070175439,0.222222222,0.008282033,0,,,0.155553333,1
0.35851014,0.35851014,0.035087719,0,0.002103337,0,,,0.333333333,1
0.299539468,0.358775147,0.140350877,0.333333333,0.000612106,0.375,0.365746317,0.273041366,0.033333333,1
0.292368102,0.292368102,0.035087719,0,0.000875265,0.125,0.367509291,0.13973417,0.066666667,0
0.327520401,0.410128464,0.035087719,0.222222222,0.007717383,0.125,0.454731462,0.258367143,0.2,1
0.307596348,0.307596348,0.210526316,0,8.58E-05,0.25,0.364688533,0.168025456,0,0
0.371615093,0.408800194,0.157894737,0.111111111,0.000699826,0,,,0,1
0.366654278,0.39614123,0.070175439,0.111111111,0.002103337,0.375,0.457199625,0.296057353,0.066666667,1
0.332655732,0.35974792,0.070175439,0.111111111,0.000577019,0.375,0.428994616,0.32224132,0.066666667,1
0.333984003,0.416860305,0.192982456,0.111111111,0.001639508,0.5,0.400578564,0.284166051,0.033333333,1
0.292368102,0.502389917,0.421052632,0.222222222,0.004719834,0.375,0.37336185,0.486237665,0.333333333,1
0.319285772,0.526741537,0.403508772,0.666666667,0.004787553,0.5,0.570724853,0.429942136,0.066666667,1
0.478306536,0.478306536,0.070175439,0,0.000173509,0.25,0.570724853,0.48019575,0.133333333,1
0.311228892,0.435540115,0.087719298,0.333333333,0.001316793,0.375,0.396913637,0.210990965,0,0
0.292368102,0.292368102,0.035087719,0,0.000171755,0,,,0.066666667,0
0.284220732,0.35983841,0.105263158,0.222222222,0.000319123,0.125,0.401142201,0.1854791,0.066666667,0
0.417655328,0.52497051,0.052631579,0.333333333,0.00491036,0.25,0.433297816,0.387841258,0.133333333,1
0.292368102,0.34097762,0.122807018,0.111111111,0.000243685,0.25,0.405373339,0.246955414,0.333333333,1
0.321409065,0.321409065,0.210526316,0,0.000247193,0.375,0.375335866,0.193057748,1,1
0.327607659,0.367539792,0.140350877,0.111111111,0.000208597,0.25,0.43752638,0.300086463,0.333333333,1
0.460509009,0.492384261,0.105263158,0.111111111,0.00175246,0.25,0.557889887,0.587227965,0.233333333,1
0.37577442,0.441295952,0.052631579,0.111111111,0.001243687,0.375,0.379636493,0.493718298,0.033333333,1
0.334691767,0.334691767,0.052631579,0,8.58E-05,0.25,0.390494868,0.181740534,0,1
0.424474428,0.424474428,0.228070175,0,0.000173509,0.25,0.484840998,0.317445593,0.266666667,1
0.357004121,0.407297406,0.052631579,0.111111111,0.000366492,0.125,0.482303345,0.295868324,0.066666667,0
0.478749293,0.546484609,0.280701754,0.111111111,0.006313872,0.125,0.602947384,0.459959184,0,1
0.393659207,0.462105518,0.105263158,0.111111111,0.001184037,0.25,0.445352955,0.259903875,0.033333333,1
0.345582936,0.510889553,0.438596491,0.222222222,0.005980538,0.375,0.508956422,0.393592629,0.166666667,1
0.293518623,0.315830977,0.070175439,0.111111111,1.04E-05,0.25,0.376887798,0.16811997,0,1
0.331857478,0.331857478,0.035087719,0,0.000234913,0.375,0.38393712,0.229883327,0.6,1
0.365151491,0.44554577,0.385964912,0.222222222,0.006841555,0.625,0.502046079,0.390526165,0.133333333,1
0.338056072,0.430673023,0.087719298,0.111111111,0.000154211,0.25,0.398887654,0.317351079,0.166666667,1
0.479457057,0.479457057,0.01754386,0,0.002278776,0,,,0.2,1
0.403222106,0.472020684,0.175438596,0.222222222,0.003419129,0.125,0.566424226,0.410283158,0.155553333,1
0.300337723,0.324686111,0.052631579,0.444444444,3.05E-05,0.125,0.394584453,0.176559749,0.066666667,1
0.368160297,0.400743314,0.052631579,0.111111111,0.012682305,0,,,0.233333333,1
0.294494627,0.434124586,0.263157895,0.333333333,0.012261252,0,,,0.25,1
0.436251111,0.48999596,0.052631579,0.111111111,0.001770003,0.125,0.534199121,0.366453018,0.133333333,1
0.517621395,0.517621395,0.105263158,0,0.000875265,0.25,0.366873591,0.554907568,0.266666667,1
0.324686111,0.410306213,0.175438596,0.111111111,0.002120881,0.125,0.454731462,0.258367143,0,1
0.414998788,0.414998788,0.368421053,0,0.007892822,0,,,0,0
0.454045407,0.454045407,0.052631579,0,0.001138423,0.125,0.506205154,0.328377749,0,1
0.325749374,0.325749374,0.087719298,0,0.000454211,0.25,0.402199986,0.213101785,0.2,1
0.35974792,0.422260645,0.087719298,0.444444444,0.000204737,0.125,0.429136169,0.223554368,0.266666667,1
0.29812394,0.422612911,0.105263158,0.222222222,0.002173513,0.5,0.459245705,0.389469005,0.044446667,1
0.424209421,0.424209421,0,0,0.000699826,0,,,0.333333333,1
0.294139129,0.294139129,0.070175439,0,1.56E-05,0.25,0.366451507,0.14989971,0,0
0.292898117,0.292898117,0.01754386,0,3.33E-06,0.125,0.364688533,0.135897588,0.066666667,0
0.388258867,0.412432738,0.280701754,0.111111111,0.007454225,0.375,0.543999712,0.427638787,0.3,1
0.392156419,0.392156419,0.105263158,0,0.000541931,0.125,0.493442252,0.311018619,0.266666667,1
0.319285772,0.419604104,0.456140351,0.333333333,0.009647212,0.625,0.454309377,0.404241243,0.116666667,1
0.262706633,0.262706633,0.070175439,0,0.000261229,0,,,0.133333333,0
0.292368102,0.292368102,0.035087719,0,1.58E-06,0.125,0.364688533,0.135897588,0,0
0.277934879,0.329465945,0.245614035,0.222222222,0.000352983,0.25,0.443451002,0.267093965,0.02222,1
0.295024642,0.319463521,0.070175439,0.111111111,0.000787545,0.625,0.364688533,0.282345775,0.3,1
0.404463117,0.404463117,0.052631579,0,0.005261238,0.125,0.416162224,0.205908195,0.2,1
0.308572352,0.398885029,0.315789474,0.222222222,0.004647202,0.5,0.417925198,0.380840197,0.066666667,1
0.333893512,0.357269128,0.210526316,0.111111111,0.000998072,0.375,0.420321299,0.256448852,0.2,1
0.342835905,0.342835905,0.105263158,0,0.000129649,0.375,0.396700022,0.197947989,0.533333333,1
0.273507312,0.335755029,0.070175439,0.666666667,7.83E-05,0.25,0.364688533,0.190082297,0,1
0.334514018,0.377988204,0.070175439,0.222222222,0.000573918,0.25,0.364688533,0.264601587,0.066666667,1
0.36789529,0.36789529,0.087719298,0,0.000699826,0.5,0.379636493,0.218951171,0,1
0.281567423,0.299804476,0.087719298,0.111111111,0.000875265,0,,,0,1
0.485477903,0.531256363,0.087719298,0.222222222,0.014033185,0.125,0.467705406,0.276013316,0.2,1
0.32477337,0.559146805,0.105263158,0.333333333,0.011998093,0,,,0.2,1
0.417920336,0.48184859,0.157894737,0.111111111,0.001173511,0.5,0.437667933,0.349860504,0.466666667,1
0.490260968,0.490260968,0.157894737,0,0.003155971,0.125,0.519251161,0.346121937,0.4,1
0.354612588,0.354612588,0.01754386,0,0.002103337,0.25,0.40763046,0.222213665,0.066666667,1
0.359482912,0.44297972,0.157894737,0.111111111,0.00238404,0.25,0.48265594,0.301332652,0.133333333,1
0.287940535,0.394014705,0.052631579,0.222222222,0.000227895,0.5,0.310816167,0.290207967,0,0
0.337526056,0.337526056,0.01754386,0,3.40E-05,0,,,0,0
0.350896017,0.371702351,0.035087719,0.111111111,0.000204211,0.125,0.38393712,0.162078055,0,0
0.413761008,0.413761008,0.035087719,0,0.003857727,0.375,0.338951687,0.439533589,0.2,1
0.409953947,0.677084916,0.50877193,0.666666667,0.041789379,0.375,0.647371753,0.579841846,0.066666667,1
0.330176941,0.418188576,0.140350877,0.444444444,0.000936668,0.375,0.42391931,0.255969279,0.133333333,1
0.475384988,0.475384988,0.070175439,0,0.005261238,0.125,0.493442252,0.311018619,0.533333333,1
0.278820393,0.313885433,0.350877193,0.222222222,0.003945446,0,,,0.2,1
0.314858205,0.330794215,0.087719298,0.111111111,0.001050704,0.375,0.381752062,0.227776008,0.333333333,1
0.316538741,0.382680779,0.087719298,0.222222222,0.004384044,0.25,0.417642093,0.27016393,0.066666667,1
0.66185667,0.66185667,0.01754386,0,0.003506849,0,,,0.266666667,1
0.454578654,0.454578654,0.01754386,0,0.004577026,0,,,0.066666667,1
0.289711562,0.332122485,0.070175439,0.111111111,0.000243685,0.25,0.372798213,0.181355475,0.133333333,0
0.421727398,0.546749616,0.087719298,0.111111111,0.00175246,0.125,0.368847607,0.141554445,0.2,1
0.34230589,0.438374404,0.105263158,0.333333333,0.01252441,0.375,0.407488907,0.308046669,0.111113333,1
0.308572352,0.370639089,0.368421053,0.222222222,0.001822635,0.375,0.437245849,0.341900298,0.333333333,1
0.292280844,0.292280844,0.035087719,0,8.58E-05,0.125,0.365604764,0.137143777,0,0
0.295111901,0.295111901,0.122807018,0,0.0029279,0.25,0.338951687,0.1405953,0.2,0
0.33548679,0.390120385,0.157894737,0.222222222,0.002013809,0.25,0.442462707,0.252710286,0.155553333,1
0.528777571,0.528777571,0.105263158,0,0.002977199,0.125,0.493514315,0.311116634,0,1
0.326544397,0.349567747,0.105263158,0.222222222,2.14E-05,0.25,0.391200058,0.174833987,0,1
0.292368102,0.292368102,0.087719298,0,1.58E-06,0.25,0.371740428,0.166107165,0,0
0.308481862,0.403047588,0.245614035,0.222222222,0.00229632,0.625,0.41580963,0.344585205,0.044446667,1
0.316538741,0.521515715,0.087719298,0.111111111,0.002647198,0.375,0.570724853,0.481539953,0,0
0.459271229,0.486453906,0.01754386,0.222222222,0.004407133,0,,,0,1
0.368247556,0.403222106,0.070175439,0.111111111,0.005261238,0.25,0.425329689,0.276013316,0.1,1
0.373382888,0.438817161,0.649122807,0.444444444,0.052542031,0.25,0.491609788,0.334612194,0.05,1
0.314237699,0.339206593,0.035087719,0.111111111,1.79E-06,0.125,0.364688533,0.135897588,0,1
0.329908702,0.390563141,0.122807018,0.111111111,0.009998089,0.25,0.448739924,0.329816467,0.166666667,1
0.363997738,0.363997738,0.087719298,0,0.000173509,0.5,0.38393712,0.255489707,0,1
0.46989739,0.505136948,0.052631579,0.111111111,0.002278776,0.125,0.538499748,0.372302404,0.033333333,1
0.383036277,0.383036277,0.105263158,0,0.000524387,0.25,0.44196856,0.298647745,0,1
0.292368102,0.44156096,0.263157895,0.333333333,0.004103341,0.375,0.44937305,0.320323029,0.083333333,1
0.322737335,0.464228812,0.228070175,0.444444444,0.012980551,0,,,0.288886667,1
0.358952897,0.493712531,0.122807018,0.222222222,0.004945448,0,,,0.133333333,1
0.347971237,0.460777248,0.105263158,0.222222222,0.004559482,0.25,0.44189907,0.367219634,0.044446667,1
0.320171285,0.386930597,0.070175439,0.222222222,0.00333141,0.125,0.44189907,0.240913498,0.066666667,1
0.357004121,0.552062697,0.157894737,0.333333333,0.005136497,0.125,0.534199121,0.366453018,0.111113333,1
0.3462907,0.594121354,0.298245614,0.333333333,0.007085803,0.375,0.554647045,0.502543135,0.044446667,1
0.341242627,0.408977943,0.140350877,0.111111111,0.001287546,0.375,0.398604548,0.281481144,0.233333333,1
0.292368102,0.642023107,0.49122807,0.222222222,0.002568251,0.125,0.611409659,0.471468928,0,0
0.33814333,0.399857801,0.192982456,0.111111111,0.006313872,0.375,0.478424802,0.479523648,0.166666667,1
0.346377959,0.41473378,0.192982456,0.222222222,0.001934916,0.25,0.484840998,0.334899237,0.1,1
0.284398481,0.284398481,0.157894737,0,0.000699826,0.5,0.354182752,0.396855124,0,0
0.316538741,0.360103418,0.105263158,0.111111111,0.000348948,0.375,0.407277865,0.209265204,0.033333333,1
0.412254989,0.581814656,0.122807018,0.333333333,0.004437552,0.125,0.467705406,0.276013316,0.066666667,1
1,1,0.01754386,0,0.001401582,0.125,1,1,0.066666667,0
0.311758908,0.428901996,0.157894737,0.222222222,0.00166474,0.25,0.345439946,0.29260583,0.066666667,1
0.419070857,0.51000404,0.052631579,0.222222222,0.007717383,0,,,0.088886667,1
0.318309768,0.318309768,0.070175439,0,0.000208597,0.125,0.501482442,0.321954276,0,0
0.632725216,0.632725216,0,0,0.000454211,0,,,0,1
0.292368102,0.311228892,0.157894737,0.111111111,2.00E-05,0.25,0.379708556,0.156708241,0,0
0.303967036,0.404550376,0.666666667,0.444444444,0.024910399,0.375,0.450641877,0.317638122,0.28,1
0.380379737,0.380379737,0.087719298,0,0.000103334,0.375,0.38824032,0.35676705,0.4,1
0.296087905,0.329556435,0.122807018,0.222222222,0.007366505,0,,,0.111113333,1
0.362317201,0.446253535,0.228070175,0.222222222,0.002103337,0.25,0.467705406,0.372302404,0.066666667,1
0.468126363,0.499823867,0.456140351,0.111111111,0.006313872,0.125,0.519251161,0.346121937,0.166666667,1
0.454223156,0.454223156,0.035087719,0,0.00017,0,,,0,0
0.284311222,0.362317201,0.736842105,0.333333333,0.008208612,0.75,0.401003222,0.364727256,0.1,1
0.300515472,0.303259271,0.087719298,0.111111111,7.79E-05,0,,,0.233333333,1
0.318752525,0.318752525,0,0,0.000348948,0,,,0,0
0.29263311,0.329465945,0.087719298,0.222222222,0.000155965,0.375,0.364124896,0.178863098,0.033333333,1
0.535150683,0.613864426,0.052631579,0.444444444,0.009024403,0.125,0.375405355,0.150473797,0.311113333,1
0.292368102,0.42022461,0.421052632,0.444444444,0.015787574,0.375,0.487237098,0.316199404,0.186666667,1
0.353552557,0.371437343,0.070175439,0.111111111,0.002015618,0.375,0.416162224,0.250599466,0,1
0.357976893,0.595536883,0.175438596,0.333333333,0.008699841,0.125,0.596461698,0.451137847,0.111113333,1
0.407740163,0.407740163,0.035087719,0,0.001647196,0.375,0.516008318,0.464275338,0,1
0.179035307,0.305117557,0.087719298,0.222222222,0.00198053,0.25,0.340573108,0.138869539,0,1
0.823003959,0.823003959,0,0,0.001050704,0,,,0.133333333,0
0.357004121,0.357004121,0.140350877,0,3.32E-05,0.375,0.391130568,0.24666837,0.066666667,1
0.433061323,0.433061323,0.122807018,0,0.00175246,0.375,0.523482298,0.454109798,0.2,1
0.292368102,0.384009049,0.122807018,0.444444444,0.007647208,0.375,0.439852991,0.286756444,0.133333333,1
0.305738063,0.372322857,0.333333333,0.222222222,0.005524397,0.125,0.44189907,0.240913498,0.155553333,1
0.316364224,0.343456411,0.175438596,0.222222222,0.000800703,0.375,0.397757806,0.241008013,0.266666667,1
0.362317201,0.481405833,0.052631579,0.333333333,0.012629673,0.125,0.519179098,0.346023923,0.083333333,1
0.364175487,0.529220328,0.070175439,0.222222222,0.001927898,0.125,0.544988007,0.381127241,0.044446667,1
0.376307667,0.376307667,0.122807018,0,0.002133162,0.25,0.439783502,0.327803662,0.133333333,1
0.419513614,0.443687485,0.052631579,0.111111111,0.003199831,0.125,0.467705406,0.276013316,0.1,1
0.405435889,0.405435889,0.105263158,0,0.000875265,0.125,0.44189907,0.240913498,0,1
0.305738063,0.305738063,0.157894737,0,1.56E-05,0.375,0.540545827,0.44653465,0,1
0.322029571,0.380557486,0.140350877,0.222222222,0.001840179,0.375,0.426879047,0.23142006,0.066666667,1
0.319638038,0.428811505,0.315789474,0.222222222,0.004213868,0.375,0.384289715,0.308431727,0.17778,1
0.332833481,0.352932051,0.228070175,0.222222222,0.000454211,0.25,0.486109824,0.314281114,0.17778,1
0.292368102,0.370816838,0.140350877,0.111111111,0.001582284,0.25,0.427162152,0.223361839,0.2,1
0.450858851,0.450858851,0,0,5.95E-05,0,,,0,0
0.427573725,0.522931243,0.140350877,0.222222222,0.011998093,0.125,0.493442252,0.311018619,0.366666667,1
0.377193181,0.377193181,0.01754386,0,0.008419139,0.375,0.438656228,0.2864694,0.266666667,1
0.292103094,0.292103094,0.210526316,0,0.000410352,0.375,0.441193881,0.265560732,0.066666667,1
0.292368102,0.292368102,0.070175439,0,5.51E-05,0.125,0.396913637,0.179727729,0.2,0
0.451831623,0.451831623,0.035087719,0,0.002103337,0.125,0.364688533,0.135897588,0.2,1
0.305738063,0.464849317,0.368421053,0.333333333,0.005613169,0.375,0.50676879,0.387550714,0.044446667,1
0.313885433,0.359573402,0.403508772,0.222222222,0.00175246,0.375,0.442673749,0.285989827,0.111113333,1
0.311138402,0.380822493,0.192982456,0.111111111,0.001612108,0.25,0.413977166,0.299032803,0,1
0.422525652,0.55967682,0.263157895,0.333333333,0.004296324,0.625,0.514245344,0.524407448,0.22222,1
0.300515472,0.313174436,0.105263158,0.111111111,9.14E-05,0.25,0.397335722,0.197083358,0.266666667,1
0.341333118,0.349389998,0.105263158,0.111111111,0.000390712,0.125,0.38393712,0.162078055,0,1
0.357091379,0.357091379,0.210526316,0,0.001927898,0.25,0.45889311,0.278701723,0.133333333,1
0.32742991,0.480433061,0.245614035,0.333333333,0.007366505,0.5,0.52813552,0.466386158,0.088886667,1
0.308216854,0.308216854,0.105263158,0,4.02E-05,0.125,0.3950786,0.177231851,0.066666667,1
0.359040155,0.50610972,0.087719298,0.333333333,0.002661233,0,,,0,1
0.309810132,0.340890361,0.105263158,0.111111111,0.000344562,0.25,0,0.213196299,0.133333333,0
0.30201826,0.30201826,0.01754386,0,1.40E-06,0.125,0.372373555,0.146350172,0,0
0.307421831,0.331947968,0.087719298,0.111111111,5.07E-05,0.25,0.364688533,0.178768583,0.066666667,1
0.304054294,0.304054294,0.157894737,0,1.56E-05,0.375,0.374347571,0.154887966,0,0
0.350718268,0.350718268,0.01754386,0,0.000524387,0,,,0,1
0.305650804,0.305650804,0.175438596,0,0.001068248,0.25,0.364688533,0.224608028,0.2,1
0.38126525,0.440675446,0.368421053,0.333333333,0.010699845,0.25,0.568537221,0.458331437,0.133333333,1
0.411547225,0.619975761,0.035087719,0.333333333,0.004752815,0.125,0.44196856,0.241008013,0.244446667,1
0.276341601,0.33292074,0.368421053,0.111111111,0.001050704,0.25,0.420604404,0.296921984,0.2,1
0.309545124,0.354434839,0.210526316,0.222222222,0.000366492,0.25,0.422719973,0.240146882,0.2,1
0.319373031,0.413935526,0.087719298,0.222222222,0.000247316,0.125,0.387957215,0.167545883,0.066666667,1
0.375509413,0.375509413,0.122807018,0,8.58E-05,0.25,0.428503042,0.299319847,0.266666667,1
0.335312273,0.357976893,0.087719298,0.222222222,0.000265615,0.25,0.416162224,0.206961855,0.111113333,1
0.374003393,0.392686435,0.087719298,0.111111111,0.003910358,0.25,0.44196856,0.455355986,0.233333333,1
0.292368102,0.292368102,0.052631579,0,4.19E-05,0.125,0.452476914,0.255300678,0.133333333,0
0.436073362,0.553655975,0.070175439,0.555555556,0.008596127,0.125,0.534199121,0.366453018,0.133333333,1
0.260050093,0.365061,0.052631579,0.111111111,5.95E-05,0.125,0.409673966,0.197083358,0,1
0.37577442,0.37577442,0.070175439,0,0.003506849,0.25,0.44196856,0.297209027,0.2,1
0,0,0.105263158,0,1.56E-05,0.25,0.20906812,0,0,0
0.327963157,0.352841561,0.245614035,0.111111111,0.002105092,0.25,0.432803669,0.230268386,0.1,1
0.332742991,0.353284318,0.070175439,0.111111111,0.000177018,0.25,0.422650483,0.248681175,0.1,1
0.34885675,0.448115052,0.140350877,0.333333333,0.009708615,0.25,0.467705406,0.304595146,0.2,1
0.32742991,0.464849317,0.140350877,0.444444444,0.001822635,0.25,0.348824341,0.297209027,0.05,1
0.365768765,0.498495597,0.140350877,0.555555556,0.009439628,0,,,0.266666667,1
0.292368102,0.38542781,0.263157895,0.111111111,0.002226145,0.125,0.424905031,0.217799497,0.033333333,1
0.405170881,0.405170881,0.175438596,0,0.00175246,0.375,0.510366802,0.427929331,0.066666667,1
0.295732407,0.369488568,0.122807018,0.111111111,0.000699826,0.25,0.424693989,0.233625394,0,1
0.374888907,0.499025612,0.263157895,0.111111111,0.002243689,0.125,0.535467947,0.368178779,0.066666667,1
0.292368102,0.292368102,0.035087719,0,7.02E-07,0.125,0.364688533,0.135897588,0,0
0.297681183,0.340799871,0.105263158,0.111111111,0.000612106,0.25,0.446130208,0.330103511,0,0
0.329821443,0.329821443,0.052631579,0,3.40E-05,0.375,0.362995048,0.239569295,0.4,1
0.372410116,0.377810455,0.140350877,0.111111111,0.003638428,0.375,0.452615893,0.317925166,0.066666667,1
0.964760443,0.964760443,0.035087719,0,0.005612116,0,,,0.4,1
0.409776198,0.409776198,0.070175439,0,0.01315599,0.5,0.394231858,0.268151125,0,0
0.339562091,0.498938353,0.070175439,0.222222222,0.010173528,0.125,0.529898494,0.360603631,0.266666667,1
0.344784681,0.464671568,0.087719298,0.111111111,0.00175246,0.125,0.268157345,0.004603197,0.133333333,1
0.533379656,0.533379656,0.122807018,0,0.005085799,0.125,0.508462275,0.331447714,0.4,1
0.31538822,0.366211521,0.087719298,0.111111111,0.000910353,0.25,0.414893398,0.215786692,0,1
0.332035227,0.482113598,0.070175439,0.333333333,0.005787555,0.25,0.458540515,0.370289599,0.288886667,1
0.319285772,0.319285772,0.052631579,0,9.37E-05,0,,,0.066666667,1
0.356031348,0.419070857,0.035087719,0.111111111,0.004033166,0,,,0.133333333,1
0.317159247,0.317159247,0.01754386,0,6.84E-06,0.125,0.364688533,0.135897588,0,0
0.457409712,0.457409712,0.052631579,0,0.004384044,0,,,0.2,1
0.335755029,0.348148986,0.140350877,0.111111111,0.001015616,0.25,0.362572964,0.196124213,0.2,1
0.401806577,0.401806577,0.070175439,0,0.000261229,0.25,0.363913854,0.290880068,0.066666667,0
0.311316151,0.377635938,0.228070175,0.222222222,0.002892813,0.5,0.455861309,0.348421786,0.02222,1
0.297768441,0.414556031,0.105263158,0.111111111,0.000107912,0.375,0.463404779,0.350053033,0,1
0.505931971,0.505931971,0,0,3.32E-05,0,,,0,0
0.393571948,0.464141553,0.087719298,0.222222222,0.007015628,0.125,0.519179098,0.346023923,0.155553333,1
0.33557728,0.338321079,0.087719298,0.111111111,0.000176141,0.125,0.379778045,0.156421198,0,0
0.357091379,0.493625273,0.140350877,0.222222222,0.011240197,0.25,0.467705406,0.512610661,0.2,1
0.335399531,0.389234871,0.140350877,0.222222222,0.000612106,0.75,0.420321299,0.344585205,0.044446667,1
0.324686111,0.579335865,0.122807018,0.444444444,0.010980548,0.25,0.467705406,0.457466806,0.555553333,1
0.306268078,0.306268078,0.105263158,0,0.002278776,0.125,0.416231714,0.206002709,0.2,1
0.510446796,0.510446796,0.052631579,0,0.004384044,0.125,0.467705406,0.276013316,0,1
0.332742991,0.332742991,0.105263158,0,0.000261229,0.125,0.431321227,0.226526319,0,0
0.305650804,0.420667367,0.228070175,0.333333333,0.004296324,0.5,0.474124175,0.337776673,0.1,1
0.34885675,0.406941908,0.070175439,0.111111111,0.014033185,0.125,0.416162224,0.205908195,0,0
0.500353882,0.583230185,0.175438596,0.222222222,0.005612116,0.125,0.622268034,0.486237665,0.133333333,1
0.307066333,0.315123212,0.087719298,0.111111111,0.000173509,0.375,0.379636493,0.1967018,0.3,1
0.292368102,0.401628828,0.087719298,0.222222222,0.004208605,0.125,0.510860949,0.334710209,0.111113333,1
0.346377959,0.443774743,0.245614035,0.222222222,0.001006844,0.5,0.439783502,0.349958519,0,1
0.292368102,0.292368102,0,0,0.000173509,0.25,0.457130136,0.287330531,0,1
0.4698069,0.4698069,0.01754386,0,0.000554212,0.125,0.364688533,0.135897588,0.066666667,0
0.295024642,0.349477256,0.105263158,0.222222222,9.63E-05,0.625,0.372445618,0.311211148,0.166666667,1
0.415797043,0.489288196,0.052631579,0.111111111,0.003489305,0.25,0.596461698,0.477990416,0.066666667,1
0.305915812,0.402869839,0.333333333,0.333333333,0.002471759,0.5,0.457410667,0.305746821,0.083333333,1
0.362226711,0.477598772,0.087719298,0.222222222,0.003857727,0.125,0.493442252,0.311018619,0.111113333,1
0.463786055,0.571101236,0.070175439,0.222222222,0.009296334,0,,,0.244446667,1
0.397379009,0.397379009,0.333333333,0,0.002541935,0.375,0.463404779,0.412295963,0.533333333,1
0.276254343,0.278998142,0.175438596,0.111111111,0.004559482,0.5,0.351856141,0.337874688,0.1,1
0.244821847,0.287940535,0,0.333333333,7.46E-05,0,,,0,0
0.394722469,0.394722469,0.070175439,0,0.002103337,0,,,0.266666667,1
0.394457461,0.475649996,0.157894737,0.111111111,0.004120885,0.125,0.596461698,0.451137847,0.266666667,1
0.35178153,0.561890604,0.070175439,0.111111111,0.000857721,0.625,0.510719396,0.610436481,0.033333333,1
0.458828472,0.458828472,0.105263158,0,0.001134914,0.125,0.467705406,0.276013316,0.133333333,1
0.35718187,0.35718187,0.01754386,0,0.005261238,0.125,0.364688533,0.135897588,0.066666667,1
0.325836632,0.361783954,0.035087719,0.111111111,0.000182281,0.125,0.405373339,0.191233972,0,0
0.296087905,0.335664539,0.421052632,0.111111111,0.001568249,0.25,0.411861598,0.229403755,0.4,1
0.287145512,0.4162398,0.280701754,0.333333333,0.004746111,0.5,0.44196856,0.300471521,0.166666667,1
0.295111901,0.35178153,0.052631579,0.222222222,0.002015618,0.375,0.401142201,0.217704982,0.033333333,1
0.319906278,0.319906278,0.052631579,0,8.58E-05,0.375,0.364688533,0.238900693,0.133333333,1
0.289624303,0.289624303,0.052631579,0,0.000112105,0,,,0,0
0.312379413,0.34363416,0.035087719,0.111111111,0.000154211,0,,,0.133333333,1
0.309189626,0.327785408,0.210526316,0.111111111,0.000550703,0.25,0.371176792,0.207921,0.7,1
0.319285772,0.319285772,0.052631579,0,1.75E-07,0.125,0.381824125,0.159204119,0,1
0.305915812,0.411104468,0.421052632,0.222222222,0.002805093,0.5,0.387676683,0.320610072,0.311113333,1
0.392686435,0.451388866,0.175438596,0.111111111,0.002015618,0.625,0.493442252,0.428310889,0.1,1
0.379581482,0.421727398,0.035087719,0.111111111,0.003454217,0.125,0.390425379,0.170902892,0.2,1
0.475119981,0.475119981,0,0,0.000436668,0,,,0.066666667,1
0.321144058,0.365151491,0.368421053,0.333333333,0.006401591,0.375,0.433156264,0.232281191,0.033333333,1
0.390472651,0.510624546,0.035087719,0.222222222,0.005787555,0.125,0.467705406,0.276013316,0.2,1
0.483089602,0.527979316,0.01754386,0.333333333,0.003471761,0,,,0.266666667,1
0.526828795,0.526828795,0.122807018,0,0.002103337,0.125,0.544988007,0.381127241,0.066666667,1
0.359130646,0.595627373,0.228070175,0.444444444,0.006840189,0.125,0.544988007,0.381127241,0.15,1
0.554098732,0.692048154,0.192982456,0.333333333,0.004243692,0.25,0.669441099,0.557879519,0.088886667,1
0.442714713,0.555074735,0.070175439,0.333333333,0.001263022,0.125,0.519251161,0.346121937,0,0
0.372410116,0.434037327,0.175438596,0.222222222,0.000885187,0.25,0.452052256,0.310444532,0.044446667,1
0.458650723,0.458650723,0.070175439,0,0.000348948,0.125,0.416162224,0.205908195,0,1
0.371615093,0.459006221,0.122807018,0.222222222,0.00491036,0.25,0.562121025,0.423707692,0.111113333,1
0.327520401,0.327520401,0.263157895,0,0.002015618,0.25,0.495840926,0.39445726,0.066666667,1
0.32087905,0.32087905,0.122807018,0,0.002103337,0,,,0.533333333,1
0.465734831,0.550204411,0.087719298,0.222222222,0.006645636,0.125,0.499861021,0.319748942,0.133333333,1
0.375331664,0.476270502,0.052631579,0.222222222,0.003927902,0.125,0.416231714,0.206002709,0.17778,1
0.314328189,0.439437667,0.035087719,0.444444444,0.014977241,0,,,0.244446667,1
0.296530662,0.301223237,0.087719298,0.111111111,0,0.125,0.372584597,0.146637216,0,0
0.313529935,0.406941908,0.473684211,0.222222222,0.004559482,0.625,0.463615821,0.365493872,0.17778,1
0.329999192,0.336020037,0.228070175,0.111111111,0.000962984,0.25,0.39945129,0.252517756,0.066666667,1
0.365061,0.389409388,0.052631579,0.222222222,6.39E-05,0.375,0.484840998,0.370576642,0,0
0.334071261,0.334071261,0.052631579,0,0.000348948,0.125,0.548019807,0.385250866,0,0
0.306710835,0.306710835,0.035087719,0,0.000208597,0.125,0.385772157,0.164573933,0.066666667,1
0.340712612,0.346203442,0.035087719,0.111111111,0.005287554,0.375,0.364688533,0.399252987,0.033333333,1
0.319373031,0.353727074,0.368421053,0.111111111,0.000866493,0.375,0.42391931,0.27016393,0.766666667,1
0.429254262,0.594916377,0.280701754,0.111111111,0.008945456,0.125,0.493514315,0.311116634,0.166666667,1
0.491676497,0.548342894,0.105263158,0.222222222,0.017541964,0.375,0.570724853,0.529875276,0.1,1
0.319195282,0.327872667,0.105263158,0.111111111,0.000787545,0.25,0.393035095,0.176559749,0.133333333,1
0.447759554,0.447759554,0.070175439,0,0.006138433,0.25,0.534621205,0.371248744,0.133333333,1
0.640074331,0.640074331,0,0,0.000348948,0,,,0,0
0.311138402,0.373560637,0.157894737,0.222222222,0.000246316,0.5,0.379919598,0.309870445,0,1
0.34097762,0.480963077,0.438596491,0.555555556,0.012629673,0.25,0.523482298,0.428310889,0.088886667,1
0.315123212,0.32893593,0.210526316,0.111111111,0.00333141,0.25,0.401988943,0.213101785,0.166666667,1
0.439259918,0.54639735,0.035087719,0.111111111,0.00499808,0,,,0.233333333,1
0.425004444,0.425004444,0.315789474,0,0.000962984,0.125,0.413977166,0.202936245,0.066666667,1
0.31538822,0.31538822,0.087719298,0,0.000559475,0.375,0.405445402,0.241008013,0,1
0.424474428,0.59314535,0.087719298,0.222222222,0.005787555,0.125,0.519179098,0.346023923,0.17778,1
0.449178315,0.449178315,0.087719298,0,0.000699826,0.125,0.534199121,0.366453018,0.266666667,1
0.474764483,0.474764483,0.157894737,0,0.002226145,0.25,0.570724853,0.532465669,0.2,1
0.292368102,0.321321807,0.157894737,0.111111111,0.000787545,0.25,0.416162224,0.229596284,0.066666667,1
0.513193827,0.624312838,0.385964912,0.111111111,0.001577021,0.125,0.699550635,0.59135159,0.2,1
0.317071988,0.317071988,0.052631579,0,8.58E-05,0,,,0,1
0.292368102,0.292368102,0.087719298,0,5.07E-05,0.5,0.373289787,0.248681175,0.066666667,0
0.324686111,0.357004121,0.035087719,0.111111111,0.003226147,0.125,0.448315266,0.249640321,0,0
0.37046134,0.446696292,0.035087719,0.111111111,0.002629654,0.125,0.467705406,0.276013316,0.1,1
0.424474428,0.472550699,0.140350877,0.111111111,0.002147197,0.125,0.467705406,0.276013316,0.1,1
0.322294579,0.387816111,0.035087719,0.222222222,0.000655966,0.375,0.386124752,0.231899633,0.066666667,1
0.522488487,0.522488487,0.052631579,0,0.003296322,0,,,0.4,1
0.340799871,0.435365597,0.263157895,0.333333333,0.012234936,0.5,0.469893038,0.476744227,0.266666667,1
0.39321645,0.39321645,0.070175439,0,0.003506849,0.125,0.467705406,0.276013316,0.133333333,1
0.292368102,0.410483962,0.245614035,0.222222222,0.004787553,0.5,0.445777613,0.321856261,0.133333333,1
0.311138402,0.3718801,0.298245614,0.222222222,0.004962992,0.5,0.429066679,0.314186599,0.044446667,1
0.22817484,0.22817484,0.052631579,0,0.001489301,0,,,0,0
0.313794942,0.482556355,0.50877193,0.444444444,0.012278796,0.5,0.524540083,0.43723024,0.12,1
0.387728852,0.407297406,0.052631579,0.111111111,0.003639688,0.125,0.364688533,0.135897588,0,1
0.318309768,0.318309768,0.087719298,0,0.000875265,0.25,0.364688533,0.185290071,0,1
0.39454472,0.411634483,0.105263158,0.111111111,0.002857725,0.25,0.44196856,0.293564975,0.066666667,1
0.297681183,0.297681183,0.052631579,0,0.000524387,0.125,0.402835686,0.187782449,0,0
0.42695322,0.42695322,0.087719298,0.111111111,0.004331412,0.625,0.508392785,0.534671003,0.2,1
0.316806981,0.435010099,0.245614035,0.333333333,0.006006854,0.25,0.436329617,0.276013316,0.083333333,1
0.321942312,0.413492769,0.245614035,0.222222222,0.00491036,0.25,0.379636493,0.30680048,0.111113333,1
0.375864911,0.375864911,0.087719298,0,0.000524387,0.125,0.416162224,0.205908195,0,1
0.337968813,0.373651127,0,0.111111111,0.000210889,0,,,0,1
0.317249737,0.384629555,0.052631579,0.111111111,0.000305088,0.25,0.353547052,0.235736214,0,1
0.357091379,0.418983599,0.140350877,0.222222222,0.007892822,0.375,0.44196856,0.318597267,0,0
0.296262422,0.296262422,0.105263158,0,0.001603336,0.25,0.35841389,0.3201305,0.066666667,1
0.292368102,0.37444615,0.157894737,0.222222222,0.000439299,0.375,0.461713868,0.343244502,0.044446667,1
0.417655328,0.417655328,0.157894737,0,0.002629654,0.25,0.44196856,0.340080022,0,1
0.293696372,0.36116668,0.157894737,0.222222222,0.000980528,0.5,0.409887581,0.306513437,0.066666667,1
0.37320837,0.3838313,0.228070175,0.111111111,0.00491036,0.375,0.444156192,0.258178114,0,1
0.349299507,0.367539792,0.210526316,0.111111111,0.000617225,0.375,0.387252025,0.241872644,0,0
0.373295629,0.526741537,0.070175439,0.555555556,0.040699921,0,,,0.17778,1
0.32220732,0.445636261,0.210526316,0.666666667,0.0043665,0.375,0.381963104,0.40778728,0.133333333,1
0.291660338,0.461485013,0.543859649,0.444444444,0.006489311,0.375,0.512973944,0.398006798,0.1,1
0.427305486,0.471312919,0,0.111111111,0.001401582,0.125,0.528982262,0.359357443,0.033333333,1
0.34885675,0.472107942,0.087719298,0.222222222,0.01220862,0.125,0.422719973,0.214827546,0.444446667,1
0.297768441,0.377988204,0.175438596,0.222222222,0.000317882,0.375,0.380341682,0.302197283,0.088886667,1
0.343456411,0.343456411,0.245614035,0,0.000524387,0.25,0.422650483,0.224608028,0,0
0.448292801,0.448292801,0.01754386,0,0.000875265,0.125,0.371035239,0.144529896,0,1
0.469011877,0.581724166,0.070175439,0.222222222,0.00333141,0.25,0.592161071,0.449314071,0.288886667,1
0.308307344,0.308307344,0.140350877,0,0.000875265,0.125,0.422367378,0.214347974,0,0
0.414378282,0.623782823,0.315789474,0.333333333,0.006798785,0.375,0.622831671,0.522107599,0.066666667,1
0.351338774,0.351338774,0.263157895,0,0.00040158,0.375,0.464956711,0.342666914,0,0
0.366919286,0.596955644,0.210526316,0.666666667,0.01722091,0.375,0.480468308,0.535532133,0.28,1
0.354877596,0.423055668,0.035087719,0.111111111,0.004261236,0.375,0.416231714,0.492566624,0.1,1
0.467948614,0.599256686,0.228070175,0.222222222,0.002454215,0,,,0.133333333,1
0.440765937,0.524172255,0.122807018,0.333333333,0.004384044,0.375,0.351856141,0.579747332,0.166666667,1
0.259694595,0.340447604,0.052631579,0.111111111,2.00E-05,0.25,0.375124824,0.182122091,0,1
0.361431688,0.619710754,0.614035088,0.333333333,0.01064798,0.375,0.632773814,0.562482716,0.066666667,1
0.513281086,0.560917831,0.087719298,0.111111111,0.001278774,0,,,0.133333333,1
0.297768441,0.297768441,0.052631579,0,1.58E-06,0.125,0.379778045,0.156421198,0,0
0.518681425,0.518681425,0.052631579,0,0.000524387,0.125,0.562121025,0.404430271,0.133333333,0
0.476092753,0.496459562,0.070175439,0.111111111,0.002638426,0.125,0.493514315,0.311116634,0.1,1
0.297060677,0.308572352,0.175438596,0.111111111,0.000448071,0.375,0.377451435,0.241298557,0.166666667,1
0.353197059,0.353197059,0.035087719,0,0.00175246,0.125,0.390425379,0.170902892,0.066666667,1
0.45094611,0.554189222,0.052631579,0.222222222,0.000783365,0,,,0.066666667,1
0.354260322,0.37577442,0.175438596,0.111111111,0.00062965,0.375,0.416162224,0.378057276,0,0
0.448910075,0.448910075,0.035087719,0,0.00175246,0,,,0.066666667,0
0.490613234,0.490613234,0.087719298,0,0.001401582,0.125,0.549288634,0.386976627,0.066666667,1
0.334869516,0.334869516,0.526315789,0,0.002629654,0.375,0.531097831,0.445382976,0,1
0.353197059,0.353197059,0.087719298,0,0.000173509,0.375,0.407419418,0.241778129,0.4,1
0.428724247,0.428724247,0,0,0.000173509,0,,,0.066666667,0
0.292368102,0.401806577,0.298245614,0.444444444,0.004962992,0.5,0.503598011,0.440874292,0.066666667,1
0.367717541,0.508145754,0.298245614,0.333333333,0.00405071,0.375,0.54378867,0.448641969,0.066666667,1
0.377193181,0.377193181,0.070175439,0,0.004384044,0,,,0.266666667,1
0.355588592,0.355588592,0.192982456,0,0.000526388,0.375,0.415034951,0.206002709,0,1
0.346203442,0.411013978,0.210526316,0.111111111,0.000699826,0.375,0.459034662,0.264409058,0.133333333,1
0.486453906,0.486453906,0.035087719,0,0.00175246,0.125,0.519251161,0.346121937,0,1
0.303081522,0.421727398,0.140350877,0.333333333,0.000252456,0.375,0.425540731,0.264314544,0,1
0.375952169,0.510980044,0.140350877,0.444444444,0.008594578,0.125,0.506277217,0.328475764,0.166666667,1
0.494775794,0.494775794,0.175438596,0,0.003892815,0.125,0.519251161,0.346121937,0.533333333,1
0.298476206,0.330794215,0.105263158,0.111111111,0.000200702,0.25,0.399592843,0.193918879,0.566666667,1
0.314415448,0.334691767,0.087719298,0.111111111,0.000805089,0.25,0.373150808,0.226718848,0.533333333,1
0.390029894,0.452629878,0.192982456,0.111111111,0.001647196,0.25,0.534129631,0.369810026,0.066666667,1
0.362226711,0.398620021,0.228070175,0.111111111,0.005787555,0.5,0.454731462,0.405102373,0.1,1
0.300337723,0.532051386,0.157894737,0.444444444,0.010208616,0.375,0.465520348,0.518271018,0.026666667,1
0.644854165,0.644854165,0.087719298,0,4.63E-05,0.125,0.602877894,0.459864669,0.066666667,0
0.292368102,0.292368102,0.035087719,0,6.84E-06,0.125,0.383656588,0.161696497,0.066666667,0
0.473704452,0.501594894,0.052631579,0.111111111,0.005422642,0.125,0.467705406,0.276013316,0.166666667,1
0.357091379,0.434124586,0.122807018,0.333333333,0.005261238,0.25,0.405445402,0.282632819,0.066666667,1
0.423588915,0.423588915,0.122807018,0,0.002629654,0.125,0.44196856,0.241008013,0.2,1
0.289003797,0.49805284,0.228070175,0.444444444,0.004120885,0.375,0.505783069,0.372879991,0.05,1
0.339119334,0.373382888,0.263157895,0.111111111,0.007191067,0.25,0.429066679,0.263355398,0.033333333,1
0.286967763,0.410306213,0.210526316,0.333333333,0.003568253,0.375,0.471514459,0.299893934,0.183333333,1
0.441030944,0.596687404,0.333333333,0.333333333,1,0.25,0.5,0.47808493,0.216666667,1
0.346820716,0.481405833,0.070175439,0.222222222,0.00485607,0.125,0.581441675,0.430708752,0.233333333,1
0.326722146,0.476626,0,0.222222222,0.007717383,0,,,0.233333333,1
0.292368102,0.40402036,0.157894737,0.333333333,0.006313872,0.375,0.416797925,0.275054171,0.133333333,1
0.364088228,0.548698392,0.122807018,0.222222222,0.007068259,0.625,0.40763046,0.454109798,0.2,1
0.292368102,0.402071584,0.228070175,0.111111111,0.002033162,0.375,0.544282817,0.458618481,0.066666667,1
0.313972691,0.313972691,0.01754386,0,0.000226141,0.375,0.38520852,0.320897116,0.466666667,1
0.505754222,0.505754222,0.052631579,0,0.001815618,0.125,0.467705406,0.276013316,0.266666667,1
0.321942312,0.471577927,0.157894737,0.111111111,0.012805112,0.125,0.493442252,0.311018619,0.133333333,1
0.321234548,0.321234548,0.140350877,0,0.000226141,0.5,0.386124752,0.283399435,0.2,1
0.392156419,0.593500848,0.087719298,0.222222222,0.011226162,0.25,0.377451435,0.469550637,0.155553333,1
0.348947241,0.614219924,0.614035088,0.666666667,0.005905565,0.375,0.605135015,0.502063563,0.066666667,1
0.443509736,0.443509736,0,0,0.008770017,0.125,0.518262866,0.344777734,0.2,1
0.495483558,0.495483558,0.263157895,0,0.001138423,0.375,0.512693412,0.391674339,0.466666667,1
0.292368102,0.381708007,0.070175439,0.222222222,8.14E-05,0.125,0.394584453,0.176559749,0.2,0
0.36373273,0.442714713,0.01754386,0.111111111,0.003506849,0.125,0.347836046,0.112976116,0.066666667,1
0.607578573,0.607578573,0.01754386,0,6.84E-06,0.125,0.615710285,0.477318314,0,0
0.434037327,0.484860629,0.087719298,0.111111111,0.009647212,0.125,0.506205154,0.328377749,0.2,1
0.356916862,0.356916862,0.052631579,0,0.001050704,0.25,0.362572964,0.259133759,0,1
0.300424982,0.300424982,0.01754386,0,1.58E-06,0.25,0.364688533,0.163135215,0,0
0.629273653,0.715336511,0.070175439,0.222222222,0.000715177,0.375,0.595825998,0.581280564,0,0
0.297503434,0.370816838,0.01754386,0.111111111,0.001577021,0.25,0.360315843,0.213388828,0,1
0.302994264,0.499823867,0.105263158,0.777777778,0.037086387,0.25,0.394726006,0.310539047,0.114286667,1
0.386665589,0.445368021,0.01754386,0.111111111,0.005261238,0,,,0.1,1
0.429344752,0.429344752,0.01754386,0,0.008770017,0,,,0.333333333,1
0.299361719,0.448910075,0.385964912,0.444444444,0.012278796,0.625,0.370257986,0.354561716,0.213333333,1
0.368338046,0.560032318,0.280701754,0.333333333,0.006676078,0.25,0.390494868,0.425913026,0.133333333,1
0.299096712,0.32742991,0.052631579,0.333333333,0.000734914,0.375,0.368847607,0.228735153,0.133333333,1
0.432353559,0.653357033,0.052631579,0.333333333,0.023827304,0.25,0.588704613,0.440681763,0.22222,1
0.346203442,0.463698796,0.473684211,0.555555556,0.013770027,0.375,0.514878471,0.428310889,0.16,1
0.34885675,0.34885675,0.070175439,0,9.89E-05,0.25,0.390425379,0.209744776,0.333333333,0
0.459978993,0.512573321,0.157894737,0.111111111,0.005085799,0.125,0.553447708,0.392633484,0.266666667,1
0.330619698,0.330619698,0.01754386,0,0.000296316,0.125,0.38830981,0.168025456,0,0
0.437488891,0.437488891,0.035087719,0,0.001927898,0,,,0.133333333,1
0.391005898,0.59863618,0.070175439,0.444444444,0.005787555,0.125,0.390425379,0.170902892,0.066666667,1
0.292368102,0.292368102,0.052631579,0,1.91E-05,0,,,0.066666667,0
0.33841157,0.33841157,0.122807018,0,0.001050704,0.125,0.390425379,0.170902892,0.066666667,1
0.324686111,0.362317201,0.175438596,0.111111111,0.000612106,0.25,0.477014423,0.322622877,0.066666667,0
0.408270179,0.651495516,0.228070175,0.222222222,0.001691056,0.5,0.570724853,0.485758092,0.2,1
0.311138402,0.311138402,0.228070175,0,8.58E-05,0,,,0,0
0.312379413,0.343899168,0.140350877,0.111111111,0.002559479,0.375,0.390425379,0.28752306,0.066666667,1
0.465292074,0.465292074,0.105263158,0,0.002629654,0,,,0.2,1
0.31405995,0.31405995,0.052631579,0,1.56E-05,0.25,0.364688533,0.162368599,0,0
0.311316151,0.311316151,0.140350877,0,0.000454211,0.125,0.391694205,0.172628653,0.066666667,0
0.47928254,0.47928254,0.01754386,0,0.00175246,0.125,0.416231714,0.206002709,0.133333333,1
0.40003555,0.40003555,0,0,0.00166474,0,,,0.066666667,0
0.469011877,0.527714309,0.087719298,0.222222222,0.004734921,0.125,0.637288057,0.50666676,0.333333333,1
0.449443322,0.596955644,0.052631579,0.666666667,0.012980551,0,,,0.066666667,1
0.439082169,0.594121354,0.035087719,0.111111111,0.00333141,0.125,0.416231714,0.206002709,0.166666667,1
0.408800194,0.408800194,0.035087719,0,0.00175246,0.125,0.44196856,0.241008013,0.2,1
0.314237699,0.35434758,0.228070175,0.111111111,0.002506847,0.375,0.492809125,0.368850881,0.233333333,1
0.411899491,0.425004444,0.070175439,0.111111111,0.002629654,0,,,0.266666667,1
0.311228892,0.345760685,0.105263158,0.111111111,9.28E-05,0.25,0.380977382,0.285125196,0.1,1
0.476535509,0.514964854,0.035087719,0.111111111,0.001541933,0,,,0,1
0.652558778,0.652558778,0,0,0.003155971,0,,,0.4,1
0.32769815,0.32769815,0.105263158,0,0.00175246,0.25,0.406220081,0.211757581,0.4,1
0.333718995,0.333718995,0.140350877,0,0.000875265,0.375,0.434283538,0.261342593,0,1
0.565432657,0.565432657,0.01754386,0,0.007489313,0,,,0.133333333,1
0.292368102,0.380289246,0.070175439,0.333333333,0.000664738,0.5,0.390494868,0.344105632,0.25,1
0.290952573,0.428459239,0.473684211,0.333333333,0.004962992,0.5,0.529826431,0.453248667,0.1,1
0.402779349,0.41756807,0.052631579,0.111111111,0.001577021,0.125,0.564236594,0.407307707,0.2,1
0.353197059,0.353197059,0.105263158,0,0.000278772,0.25,0.398887654,0.239089722,0.133333333,1
0.443865234,0.443865234,0.210526316,0,0.00175246,0.25,0.471867054,0.460536771,0.4,1
0.330441949,0.380114729,0.368421053,0.222222222,0.00789984,0.375,0.429488763,0.264314544,0.17778,1
0.445723519,0.581814656,0.175438596,0.222222222,0.00267315,0.125,0.493442252,0.311018619,0.033333333,1
0.292368102,0.517530904,0.333333333,0.444444444,0.012980551,0.25,0.530040047,0.393403601,0.05,1
0.428724247,0.473704452,0.157894737,0.111111111,0.003506849,0.125,0.493442252,0.311018619,0.233333333,1
0.32875818,0.337791064,0.052631579,0.111111111,3.32E-05,0.25,0.385066967,0.184810499,0.066666667,1
0.417390321,0.417390321,0.122807018,0,0.000213206,0.25,0.463263226,0.278988767,0,1
0.317336996,0.340712612,0.245614035,0.222222222,0.001840179,0.375,0.34959902,0.267286494,0.355553333,1
0.288648299,0.288648299,0.01754386,0,2.44E-05,0.125,0.36588787,0.137528836,0,0
0.324686111,0.391180415,0.052631579,0.111111111,0.000971756,0.125,0.504161648,0.325598328,0,1
0.35434758,0.35434758,0.070175439,0,0.000771756,0.125,0.416231714,0.206002709,0,1
0.295819666,0.445368021,0,0.333333333,0.003427901,0,,,0,1
0.424383938,0.472818938,0.035087719,0.111111111,0.008419139,0,,,0.333333333,1
0.28741052,0.368073039,0.140350877,0.111111111,0.000524387,0.375,0.366309954,0.191331987,0.166666667,1
0.421727398,0.421817888,0.035087719,0.111111111,0.002454215,0.125,0.467705406,0.276013316,0.033333333,1
0.346377959,0.346377959,0.052631579,0,5.95E-05,0,,,0,0
0.32742991,0.37311788,0.175438596,0.111111111,0.001471757,0.375,0.429558253,0.311596207,0.066666667,1
0.268197463,0.318843015,0.122807018,0.111111111,0.000612106,0.25,0.319631037,0.144722425,0,1
0.387021088,0.442094207,0.228070175,0.111111111,0.002664742,0,,,0.066666667,1
0.318752525,0.472107942,0.140350877,0.333333333,0.005699836,0.375,0.48195075,0.415460442,0.116666667,1
0.410926719,0.472020684,0,0.222222222,0.001594564,0,,,0,0
0.324686111,0.395342975,0.087719298,0.111111111,0.000366492,0.375,0.427231642,0.402802525,0.033333333,1
0.292368102,0.332655732,0.070175439,0.111111111,0.000541931,0.5,0.390425379,0.32627043,0.066666667,1
0.413848267,0.456171932,0.035087719,0.222222222,0.005423722,0,,,0.133333333,1
0.386665589,0.429874768,0.070175439,0.111111111,0.001138423,0.375,0.416231714,0.386882113,0.4,1
0.37055183,0.468126363,0.035087719,0.222222222,0.004577026,0.125,0.416231714,0.206002709,0.166666667,1
0.627324877,0.627324877,0.070175439,0,0.003682288,0.125,0.514950534,0.340272551,0.266666667,1
0.431203038,0.431203038,0.052631579,0,0.000875265,0.125,0.493442252,0.311018619,0.266666667,1
0.31671649,0.31671649,0.228070175,0,0.000173509,0.25,0.446271761,0.297786615,0.133333333,1
0.314237699,0.317867011,0.035087719,0.111111111,2.00E-05,0.125,0.364688533,0.135897588,0,0
0.317957502,0.431998061,0.087719298,0.222222222,0.004471763,0.125,0.467000216,0.275054171,0.111113333,1
0.422881151,0.422881151,0.175438596,0,0.003506849,0.125,0.519179098,0.346023923,0,0
0.305915812,0.305915812,0.087719298,0.222222222,0.00103316,0,,,0,0
0.292368102,0.292368102,0.035087719,0,2.00E-05,0,,,0,0
0.292368102,0.419339097,0.280701754,0.222222222,0.003155971,0.375,0.439714012,0.336624999,0.088886667,1
0.299274461,0.363910479,0.140350877,0.111111111,0.001489301,0.375,0.483852703,0.33029604,0,1
0.413670518,0.413670518,0.122807018,0,0.00175246,0.375,0.507335001,0.372400419,0,0
0.334691767,0.334691767,0.192982456,0,3.32E-05,0.375,0.398393506,0.236789874,0,0
0.327520401,0.543207562,0.157894737,0.444444444,0.007015628,0.125,0.541884143,0.376905601,0.2,1
0.335312273,0.359040155,0.192982456,0.111111111,0.002278776,0.25,0.448315266,0.268343654,0.133333333,1
0.360988931,0.486896663,0.087719298,0.222222222,0.003840183,0.25,0.416162224,0.363862625,0.044446667,1
0.293696372,0.393927446,0.526315789,0.111111111,0.001204213,0.625,0.412214192,0.292990888,0.4,1
0.304322534,0.304322534,0.087719298,0,0.001085792,0.5,0.414893398,0.4270647,0.066666667,1
0.503895936,0.570302981,0.070175439,0.222222222,0.00459457,0.125,0.493442252,0.311018619,0.1,1
0.445458512,0.562155611,0.070175439,1,0.00388669,0,,,0.066666667,1
0.313885433,0.313885433,0.035087719,0,1.58E-06,0.125,0.375477418,0.150571812,0,0
0.422082896,0.422082896,0,0,0.001226143,0,,,0,0
0.305738063,0.39720126,0.087719298,0.222222222,0.001699828,0.5,0.375335866,0.373933651,0,1
0.314770946,0.340799871,0.157894737,0.111111111,0.00175246,0.125,0.452615893,0.255489707,0.066666667,1
0.378521451,0.378521451,0.105263158,0,0.000962984,0,,,0,1
0.324686111,0.324686111,0.070175439,0,0.000173509,0.375,0.396913637,0.319843456,0,0
0.322029571,0.372765614,0.315789474,0.222222222,0.003927902,0.375,0.431110185,0.324254124,0.155553333,1
0.346203442,0.360633433,0.403508772,0.111111111,0.001068248,0.25,0.423988799,0.260190919,0,1
0.430673023,0.430673023,0.070175439,0,0.001577021,0,,,0.066666667,1
0.313972691,0.313972691,0.122807018,0,6.84E-06,0.25,0.341136745,0.166107165,0.133333333,0
0.338941585,0.508236245,0.122807018,0.333333333,0.001044563,0.125,0.416162224,0.205908195,0,0
0.313885433,0.458207966,0.263157895,0.333333333,0.007191067,0.25,0.435410812,0.346023923,0.05,1
0.299009453,0.299009453,0.01754386,0,0.000261229,0.125,0.36891967,0.14165246,0,1
0.34885675,0.380557486,0.280701754,0.222222222,0.003770007,0.5,0.409673966,0.351012178,0.155553333,1
0.33548679,0.33548679,0.052631579,0,0.000348948,0.25,0.425751773,0.28138663,0.666666667,1
0.292368102,0.338056072,0.01754386,0.111111111,0.000585791,0.125,0.401072712,0.185384586,0.1,1
0.418983599,0.418983599,0.035087719,0.111111111,0.002103337,0,,,0.2,1
0.497076836,0.535858447,0.140350877,0.222222222,0.003050708,0.375,0.549288634,0.518558062,0.088886667,1
0.297590692,0.534885675,0.789473684,0.666666667,0.021313901,0.375,0.546187344,0.437615299,0.233333333,1
0.421727398,0.478306536,0.105263158,0.333333333,0.015699855,0.25,0.517135592,0.345929408,0,1
0.35974792,0.419781853,0.052631579,0.111111111,0.003545445,0.125,0.287477995,0.030881679,0.133333333,1
0.382680779,0.487426679,0.280701754,0.333333333,0.007892822,0.25,0.557750909,0.416132544,0.066666667,1
0.292368102,0.455994183,0.175438596,0.222222222,0.001331406,0.25,0.493514315,0.338735818,0.266666667,1
0.303168781,0.4698069,0.245614035,0.444444444,0.003399831,0.25,0.435482875,0.331542229,0.033333333,1
0.315653228,0.408535186,0.298245614,0.333333333,0.01157704,0.5,0.437739996,0.276590904,0.088886667,1
0.30733134,0.30733134,0.280701754,0,0.000612106,0.25,0.397618827,0.199579236,0.266666667,1
0.310695645,0.310695645,0.087719298,0,7.26E-05,0.375,0.379283898,0.218279069,0.066666667,1
0.33814333,0.357004121,0.052631579,0.222222222,0.001541933,0.25,0.544988007,0.535724662,0,0
0.351513291,0.351513291,0.070175439,0,0.000296316,0.25,0.394584453,0.176559749,0.4,1
0.357091379,0.357091379,0.070175439,0,8.58E-05,0,,,0.266666667,0
0.841331502,0.841331502,0.122807018,0,0.001050704,0.25,0.793541596,0.777310263,0,1
0.33841157,0.439082169,0,0.222222222,0.003278778,0,,,0.066666667,1
0.327342652,0.384629555,0.157894737,0.111111111,0.000995683,0.375,0.406150591,0.293757504,0.066666667,0
0.322737335,0.322737335,0.070175439,0,1.56E-05,0.25,0.40318828,0.269491828,0.133333333,1
0.316806981,0.435010099,0.245614035,0.333333333,0.006006854,0.25,0.436329617,0.276013316,0.083333333,1
0.531343621,0.531343621,0.070175439,0,0.00175246,0.125,0.467705406,0.276013316,0,0
0.292368102,0.292368102,0.035087719,0,4.19E-05,0.125,0.364688533,0.135897588,0,0
0.392156419,0.392156419,0.070175439,0,0.002348952,0.125,0.390425379,0.170902892,0.066666667,1
0.292988608,0.343104145,0.210526316,0.222222222,0.000227895,0.25,0.428642021,0.306415422,0.333333333,1
0.292368102,0.38126525,0.157894737,0.111111111,0.003506849,0.25,0.450430835,0.319458398,0,1
0.311138402,0.311138402,0.052631579,0,0.000133158,0.375,0.364688533,0.210511392,0.333333333,1
0.316095984,0.330351458,0.01754386,0.111111111,0.004103341,0.125,0.368847607,0.141554445,0.1,1
0.468213622,0.468213622,0.01754386,0,0.000173509,0,,,0.133333333,0
0.332655732,0.362226711,0.245614035,0.111111111,0.005612116,0.5,0.416162224,0.269397314,0.166666667,1
0.297768441,0.418983599,0.140350877,0.111111111,0.002577023,0.25,0.364688533,0.238036062,0.2,1
0.292455361,0.292455361,0.052631579,0,1.58E-06,0.125,0.379708556,0.156326683,0,0
0.335664539,0.366037004,0.052631579,0.111111111,0.000116491,0.125,0.390425379,0.170902892,0.033333333,0
0.378253212,0.378253212,0.01754386,0,0.000699826,0.125,0.364688533,0.135897588,0,1
0.33557728,0.431468046,0.210526316,0.333333333,0.008120893,0.5,0.418277793,0.340174536,0.216666667,1
0.316451483,0.451301608,0.526315789,0.555555556,0.021971797,0.625,0.443026344,0.375372369,0.166666667,1
0.335312273,0.475649996,0.070175439,0.222222222,0.002103337,0.25,0.428925126,0.334419665,0.111113333,1
0.460509009,0.554719237,0.035087719,0.111111111,0.00175246,0.125,0.570724853,0.416132544,0.1,1
0.305915812,0.325484366,0.175438596,0.111111111,0.001717372,0.5,0.38457282,0.211855596,0.233333333,1
0.504781449,0.52364224,0.01754386,0.222222222,0.025963033,0,,,0.166666667,1
0.315565969,0.412164499,0.192982456,0.222222222,0.003875271,0.5,0.378509219,0.262875826,0.111113333,1
0.345582936,0.345582936,0.070175439,0.111111111,0.001313862,0,,,0.066666667,1
0.412697746,0.412697746,0.01754386,0,0.000699826,0,,,0.133333333,1
0.31804476,0.31804476,0.122807018,0,0.000699826,0.5,0.417361562,0.252325227,0,0
0.258366325,0.312557162,0.192982456,0.111111111,0.000647194,0.375,0.329714733,0.194111408,0.133333333,0
0.450328836,0.450328836,0.140350877,0,0.001852667,0.125,0.449303561,0.250984524,0,0
0.436868385,0.436868385,0.105263158,0,0.002278776,0.125,0.538499748,0.372302404,0.2,1
0.292368102,0.314680456,0.105263158,0.111111111,0.000112105,0.25,0.364688533,0.16006525,0,1
0.292898117,0.292898117,0.052631579,0,2.46E-06,0,,,0,0
0.349389998,0.349389998,0.087719298,0,0.000655966,0.25,0.364688533,0.243885449,0,1
0.338586087,0.338586087,0.087719298,0,0.000699826,0.375,0.425046584,0.256928425,0.2,1
0.330176941,0.340799871,0.052631579,0.111111111,0.000822633,0.5,0.366873591,0.324446654,0.033333333,1
0.378695968,0.417833077,0.070175439,0.111111111,0.001313862,0.375,0.467705406,0.392153911,0.033333333,1
0.286967763,0.321942312,0.263157895,0.111111111,0.000612106,0.5,0.433508859,0.429368049,0.3,1
0.418983599,0.592970833,0.175438596,0.111111111,0.004296324,0.125,0.641377642,0.512229103,0.066666667,1
0.329113679,0.413140503,0.245614035,0.222222222,0.002494566,0.375,0.428078384,0.248488646,0.133333333,1
0.292368102,0.3462907,0.035087719,0.111111111,0.000226141,0.125,0.365676828,0.137241792,0,1
0.305295306,0.413848267,0.263157895,0.333333333,0.02140162,0.125,0.44189907,0.240913498,0.1,1
0.403222106,0.429874768,0.228070175,0.111111111,0.00491036,0.25,0.519251161,0.360698146,0.066666667,1
0.535948938,0.535948938,0.105263158,0,0.002629654,0.125,0.544988007,0.381127241,0.333333333,1
0.375244405,0.401893835,0.122807018,0.111111111,0.001927898,0.125,0.57432029,0.421022785,0.033333333,1
0.311138402,0.345847944,0.052631579,0.111111111,0.000147193,0,,,0,1
0.465469823,0.622276804,0.035087719,0.333333333,0.014211693,0.125,0.570724853,0.416132544,0.311113333,1
0.319195282,0.359482912,0.070175439,0.111111111,0.009647212,0.125,0.390494868,0.170997406,0.066666667,1
0.386665589,0.451388866,0.105263158,0.111111111,0.002805093,0.625,0.416231714,0.573799931,0,1
0.43084754,0.43084754,0.122807018,0,6.82E-05,0.25,0.426879047,0.328955337,0.133333333,1
0.335312273,0.521163448,0.438596491,0.777777778,0.022748492,0.375,0.49012992,0.381127241,0.133333333,1
0.379051466,0.499733376,0.192982456,0.222222222,0.004120885,0.25,0.437809486,0.389181961,0.17778,1
0.313972691,0.354612588,0.035087719,0.111111111,0.001892811,0.125,0.364688533,0.135897588,0.066666667,1
0.351513291,0.399948291,0.280701754,0.111111111,0.002998076,0.5,0.448950966,0.402897039,0.1,1
0.300337723,0.300337723,0.157894737,0,0.000524387,0.25,0.393457179,0.194111408,0,1
0.286967763,0.357624626,0.157894737,0.111111111,0.000875265,0,,,0.1,1
0.305915812,0.321056799,0.052631579,0.111111111,0.000568247,0.375,0.366873591,0.201112469,0,1
0.307509089,0.307509089,0.087719298,0,0.000655966,0.375,0.393104584,0.194688995,0.533333333,1
0.351603781,0.351603781,0.070175439,0,0.000119123,0.125,0.409673966,0.197083358,0.133333333,1
0.423853923,0.423853923,0.035087719,0,0.000664738,0.375,0.452687956,0.318978825,0.066666667,1
0.480698069,0.541704775,0.192982456,0.111111111,0.004384044,0.125,0.622268034,0.486237665,0.233333333,1
0.363112224,0.363112224,0.561403509,0,0.001577021,0,,,0.2,1
0.254116506,0.254116506,0.01754386,0,0.000348948,0.125,0.386052688,0.164955491,0,0
0.425889957,0.491146481,0.175438596,0.111111111,0.000382632,0.375,0.508040191,0.34976599,0.133333333,0
0.403577604,0.403577604,0.105263158,0,0.001050704,0.25,0.467705406,0.336050912,0.066666667,1
0.534442918,0.546840107,0.105263158,0.111111111,0.003155971,0.125,0.544988007,0.381127241,0.2,1
0.313885433,0.530723115,0.105263158,0.555555556,0.00650317,0.125,0.425751773,0.218951171,0.186666667,1
0.321942312,0.359305163,0.157894737,0.111111111,0.003682288,0.125,0.416231714,0.206002709,0.1,1
0.319373031,0.537542215,0.614035088,0.333333333,0.005787555,0.625,0.66295284,0.611490141,0.1,1
0.357004121,0.423146158,0.070175439,0.222222222,0.004699834,0.125,0.519179098,0.346023923,0.133333333,1
0.392599176,0.51000404,0.052631579,0.222222222,0.002577023,0.25,0.467705406,0.371630302,0,0
0.300515472,0.434745092,0.473684211,0.444444444,0.008506859,0.375,0.450008751,0.373646607,0.1,1
0.423146158,0.593058092,0.035087719,0.444444444,0.003316423,0.125,0.519179098,0.346023923,0.133333333,1
0.301575503,0.301575503,0.035087719,0,0.000208597,0.25,0.364688533,0.145870599,0.2,1
0.32742991,0.548876141,0.175438596,0.555555556,0.002686606,0.375,0.44189907,0.395990493,0.1,1
0.367274784,0.429254262,0.035087719,0.111111111,0.001857723,0.125,0.356087279,0.124198816,0.133333333,1
0.334426759,0.372145108,0.052631579,0.111111111,0.00031386,0.25,0.364688533,0.22230818,0.266666667,1
0.30334653,0.30334653,0.157894737,0,0.000208597,0.375,0.378720261,0.195935184,0.266666667,1
0.335221782,0.382328513,0.087719298,0.222222222,0.000354366,0.25,0.407772013,0.24561121,0.133333333,1
0.443157469,0.583142926,0.210526316,0.444444444,0.001875267,0.125,0.592161071,0.445288461,0.1,1
0.444482508,0.444482508,0.298245614,0,0.000163029,0.25,0.441615965,0.376138985,0,1
0.292368102,0.447581805,0.456140351,0.333333333,0.005787555,0.625,0.460442468,0.402511981,0.133333333,1
0.315478711,0.315478711,0.035087719,0,8.58E-05,0.25,0.38393712,0.206293253,0,1
0.292280844,0.454135897,0.403508772,0.333333333,0.003348954,0.75,0.492103936,0.393977688,0.1,1
0.51009453,0.560210067,0.087719298,0.111111111,0.001577021,0.125,0.538499748,0.372302404,0,0
0.276341601,0.31273168,0.140350877,0.111111111,0.000442808,0.25,0.379847535,0.241298557,0.266666667,1
0.443244728,0.587037247,0.578947368,0.222222222,0.006489311,0.5,0.615710285,0.584059985,0.02222,1
0.37055183,0.392243678,0.052631579,0.111111111,0.000227895,0.5,0.360529458,0.274865142,0,0
0.316538741,0.316538741,0.210526316,0,0.000875265,0.625,0.468904743,0.427257229,0.133333333,1
0.308659611,0.400833805,0.157894737,0.444444444,0.002524391,0.625,0.452757446,0.388894918,0.32,1
0.292368102,0.292368102,0.035087719,0,0.000261229,0.125,0.373150808,0.147407332,0.333333333,1
0.643971883,0.643971883,0.052631579,0,0.000173509,0.125,0.763573613,0.678430782,0.066666667,1
0.304322534,0.304322534,0.052631579,0,0.001226143,0,,,0,1
0.383656783,0.383656783,0.01754386,0,0.003506849,0.25,0.364688533,0.234679054,0,0
0.300072716,0.414026016,0.175438596,0.333333333,0.005787555,0.375,0.42695111,0.271700663,0.2,1
0.295024642,0.43217581,0.210526316,0.666666667,0.015550931,0.625,0.458962599,0.332312345,0.144446667,1
0.41340551,0.452894886,0.175438596,0.111111111,0.012103357,0.25,0.485193593,0.305267248,0.166666667,1
0.370904096,0.583407934,0.175438596,0.555555556,0.011336689,0.375,0.58546177,0.486430194,0.17778,1
0.37055183,0.37055183,0.087719298,0,0.001226143,0.5,0.429136169,0.429847622,0.066666667,1
0.526741537,0.5905793,0.01754386,0.222222222,0.009120895,0.125,0.519179098,0.346023923,0.111113333,1
0.475562737,0.567116426,0.070175439,0.222222222,0.000243685,0.25,0.538499748,0.419202509,0,0
0.402071584,0.45625919,0.052631579,0.111111111,0.002055197,0.25,0.511988223,0.441640909,0.066666667,1
0.292368102,0.292368102,0.01754386,0,0.007892822,0,,,0.066666667,0
0.335664539,0.442801971,0,0.444444444,0.001266266,0.25,0.399662333,0.184040382,0.066666667,1
0.349832754,0.369488568,0.649122807,0.111111111,0.013331429,0.375,0.424199841,0.297975643,0.2,1
0.295111901,0.34363416,0.087719298,0.111111111,0.000998072,0.375,0.419124535,0.275918802,0.2,1
0.375864911,0.421727398,0.087719298,0.111111111,0.000857721,0.375,0.416936904,0.297496071,0,1
0.276163852,0.276163852,0.01754386,0,2.44E-05,0,,,0,0
0.48468288,0.48468288,0.01754386,0,0.003770007,0,,,0.2,1
0.445810778,0.461394522,0.175438596,0.111111111,0.005261238,0.375,0.515372618,0.407405722,0,0
0.548255635,0.644766906,0.070175439,0.222222222,0.002317875,0,,,0.133333333,1
0.372057849,0.448557809,0.070175439,0.111111111,0.000875265,0.75,0.379778045,0.332501374,0,0
0.350540519,0.350540519,0.140350877,0,0.000191053,0.125,0.413977166,0.202936245,0.466666667,1
0.409155692,0.433769088,0.01754386,0.111111111,0.00206825,0.25,0.364688533,0.413062579,0.233333333,1
0.458030217,0.615460936,0.157894737,0.333333333,0.007033171,0.125,0.544988007,0.381127241,0.25,1
0.420754626,0.623605074,0.140350877,0.333333333,0.010348967,0.125,0.44189907,0.240913498,0.333333333,1
0.352932051,0.501682152,0.070175439,0.444444444,0.003706652,0,,,0.066666667,1
0.291660338,0.358067383,0.192982456,0.333333333,0.00324369,0.375,0.424271905,0.24666837,0.083333333,1
0.293431365,0.363645471,0.210526316,0.222222222,0.001256845,0.75,0.480892966,0.377864747,0.111113333,1
0.295024642,0.295024642,0.035087719,0,2.46E-06,0,,,0,0
0.465114325,0.525943282,0.035087719,0.333333333,0.002286671,0,,,0.066666667,1
0.352398804,0.441118203,0.263157895,0.333333333,0.002594566,0.375,0.465520348,0.360985189,0.083333333,1
0.379494223,0.379494223,0.087719298,0,0.000226141,0.25,0.447540587,0.276013316,0,0
0.428811505,0.428811505,0.105263158,0,0.002805093,0.125,0.44189907,0.240913498,0.133333333,1
0.319463521,0.337791064,0.070175439,0.111111111,0.003296322,0.125,0.406783718,0.193152263,0.1,1
0.330086451,0.443157469,0.01754386,0.222222222,0.002728705,0,,,0.166666667,1
0.325216127,0.523551749,0.175438596,0.333333333,0.002291934,0.25,0.511283033,0.422174459,0.2,1
0.415532035,0.459713986,0.035087719,0.111111111,0.002980532,0.25,0.409746029,0.261531622,0.133333333,1
0.330619698,0.336905551,0.122807018,0.111111111,0.000331404,0.25,0.398887654,0.24475008,0.1,1
0.298033449,0.424826695,0.140350877,0.333333333,0.00175246,0.375,0.383584525,0.312649866,0.016666667,1
0.33159247,0.389587137,0.070175439,0.111111111,0.001226143,0,,,0.066666667,0
0.292988608,0.371081845,0.263157895,0.222222222,0.001743688,0.375,0.385136457,0.289154307,0.088886667,1
0.43766664,0.43766664,0.070175439,0,0.00175246,0,,,0.133333333,1
0.316894239,0.371615093,0.052631579,0.111111111,4.19E-05,0.25,0.420393362,0.237461975,0.033333333,1
0.540997011,0.745883494,0.052631579,0.222222222,0.00423492,0.25,0.686504627,0.627123509,0.088886667,1
0.367804799,0.517530904,0.192982456,0.222222222,0.011963006,0.375,0.467705406,0.426490613,0.2,1
0.359217904,0.359217904,0.105263158,0,0.001138423,0.375,0.431110185,0.288769249,0.133333333,1
0.292368102,0.292368102,0.368421053,0,0.000993686,0.25,0.318292721,0.13254058,0.2,1
0.458207966,0.458207966,0.105263158,0,0.000348948,0.25,0.446058145,0.433873232,0.066666667,0
0.416769815,0.448557809,0.315789474,0.222222222,0.001647196,0.375,0.49245653,0.389948577,0.033333333,1
0.387195605,0.471222429,0.105263158,0.111111111,0.001682284,0.25,0.465520348,0.352835955,0.133333333,1
0.34363416,0.395165226,0.01754386,0.222222222,0.00423492,0,,,0.066666667,1
0.413761008,0.413761008,0.01754386,0,0.004822641,0,,,0.4,1
0.313529935,0.313529935,0.052631579,0,0.000155965,0,,,0,1
0.26438717,0.490260968,0.087719298,0.333333333,0.001998074,0.125,0.493442252,0.311018619,0.133333333,1
0.31538822,0.429076513,0.140350877,0.222222222,0.001384038,0.25,0.433367306,0.242926303,0.066666667,0
0.284663489,0.319815787,0.052631579,0.333333333,8.54E-06,0.125,0.387887726,0.167451369,0,1
0.298653955,0.317692494,0.228070175,0.333333333,0.000409474,0.375,0.395855853,0.219336229,0.316666667,1
0.481228084,0.51682314,0.105263158,0.111111111,0.002278776,0.25,0.517063529,0.359259428,0.066666667,1
0.316273734,0.329291428,0.263157895,0.111111111,0.002752461,0.125,0.379636493,0.156228669,0.133333333,1
0.291747596,0.321321807,0.070175439,0.111111111,1.07E-05,0.125,0.3920468,0.173108226,0,0
0.329908702,0.42695322,0.333333333,0.333333333,0.005787555,0.5,0.44189907,0.448162397,0.02222,1
0.321942312,0.345227438,0.122807018,0.111111111,8.58E-05,0.25,0.489566283,0.349093888,0.066666667,0
0.300337723,0.375066656,0.192982456,0.222222222,0.002243689,0.25,0.416231714,0.303156428,0.033333333,1
0.320523552,0.320523552,0.01754386,0,3.33E-06,0,,,0,0
0.356648622,0.426597722,0.175438596,0.222222222,0.004208605,0.5,0.439289354,0.319937971,0.155553333,1
0.32742991,0.393659207,0.280701754,0.111111111,0.000734914,0.25,0.516994039,0.413636666,0.033333333,1
0.330086451,0.330086451,0.333333333,0,0.000524387,0.5,0.414257698,0.276398374,0.066666667,1
0.302638765,0.314328189,0.280701754,0.111111111,0.002006846,0.375,0.385136457,0.235736214,0.5,1
0.531608629,0.531608629,0.263157895,0,0.001541933,0.375,0.555141192,0.55155056,0.266666667,1
0.473171205,0.473171205,0.052631579,0,0.004559482,0,,,0.066666667,1
0.4162398,0.4162398,0.052631579,0,0.002629654,0.125,0.461219721,0.26719198,0.066666667,1
0.308659611,0.392508685,0.175438596,0.222222222,0.001278774,0.375,0.422297889,0.267384509,0.066666667,1
0.300515472,0.316364224,0.385964912,0.111111111,0.000699826,0.5,0.472994328,0.358107753,0.133333333,1
0.422612911,0.422612911,0.087719298,0,0.002191057,0.125,0.44196856,0.241008013,0.133333333,1
0.337878323,0.353992082,0.087719298,0.111111111,0.000386141,0.25,0.360529458,0.200251338,0.133333333,1
0.316538741,0.38126525,0.087719298,0.111111111,0.000612106,0.25,0.405445402,0.29452412,0.133333333,1
0.338233821,0.339119334,0.087719298,0.111111111,0.000173509,0.125,0.407488907,0.194111408,0.166666667,0
0.324686111,0.37993698,0.01754386,0.111111111,0.002103337,0,,,0,0
0.303081522,0.329999192,0.280701754,0.111111111,0.001401582,0.5,0.418208304,0.463221678,0.2,1
0.321144058,0.321144058,0.263157895,0,0.000699826,0.25,0.398887654,0.224320985,0.133333333,1
0.391180415,0.454313646,0.035087719,0.333333333,0.015682311,0,,,0.22222,1
0.294937384,0.294937384,0.140350877,0,0.000305088,0.25,0.377592987,0.184138397,0.266666667,1
0.323800598,0.510624546,1,0.333333333,0.007892822,1,0.499719468,0.456315132,0.244446667,1
0.55161994,0.776252727,0.070175439,0.666666667,0.028465516,0.125,0.467705406,0.276013316,0.383333333,1
0.535771188,0.535771188,0.035087719,0,0.005261238,0.125,0.640952984,0.511651515,0.266666667,1
0.467683607,0.467683607,0,0,0.001524389,0,,,0.066666667,1
0.495926315,0.495926315,0.157894737,0,0.002629654,0.125,0.519179098,0.346023923,0.133333333,1
0.316629232,0.389764886,0.052631579,0.222222222,0.009471773,0,,,0.111113333,1
0.302994264,0.360016159,0.070175439,0.222222222,2.83E-05,0.25,0.398887654,0.232281191,0,0
0.547282863,0.637065525,0.035087719,0.222222222,0.007489313,0.125,0.375335866,0.150379282,0.17778,1
0.487426679,0.487426679,0.333333333,0,0.001401582,0.5,0.634819894,0.577443983,0,1
0.429344752,0.504868708,0.175438596,0.111111111,0.005348958,0.125,0.544915943,0.381029226,0.233333333,1
0.658666882,0.658666882,0.052631579,0,0.001298073,0,,,0.133333333,1
0.286525006,0.373738386,0.122807018,0.111111111,0.001103335,0.125,0.485404635,0.300086463,0.066666667,1
0.321942312,0.382060273,0.105263158,0.111111111,0.00166474,0.25,0.44196856,0.263547928,0.1,1
0.319195282,0.380201988,0.298245614,0.111111111,0.000875265,0.25,0.473982622,0.303636001,0,1
0.363910479,0.41473378,0.140350877,0.111111111,0.000762107,0.375,0.469893038,0.468398962,0.033333333,0
0.469364143,0.469364143,0.087719298,0,0.005261238,0,,,0.333333333,1
0.29139533,0.29139533,0.052631579,0,6.04E-05,0.125,0.368214481,0.140693315,0,0
0.292368102,0.52204573,0.157894737,0.222222222,0.010348967,0.375,0.519251161,0.517598916,0.066666667,1
0.431823544,0.480785328,0.01754386,0.111111111,0.002805093,0,,,0.133333333,1
0.292368102,0.368247556,0.122807018,0.222222222,0.003943166,0.25,0.364688533,0.316580962,0.088886667,1
0.422612911,0.424383938,0.052631579,0.111111111,0.000394117,0,,,0,0
0.295111901,0.333450755,0.087719298,0.222222222,0.002191057,0,,,0.088886667,1
